dataset_class,count_0-10,ratio_0-10,count_10-20,ratio_10-20,count_20-30,ratio_20-30,count_30-40,ratio_30-40,total_instances
ade20k_person,18853,0.6645165838356067,2026,0.07141094779880865,1305,0.045997673680871314,847,0.02985442881815939,28371
ade20k_car,12023,0.7473736557468763,723,0.04494312177534655,460,0.02859451731211537,365,0.02268912786722198,16087
