dataset_class,count_0-10,ratio_0-10,count_10-20,ratio_10-20,count_20-30,ratio_20-30,count_30-40,ratio_30-40,total_instances
building,1995,0.848214286,92,0.039115646,71,0.030187075,32,0.013605442,2352
