class,count_0-10,ratio_0-10,count_10-20,ratio_10-20,count_20-30,ratio_20-30,count_30-40,ratio_30-40,total_instances
person,14762,0.704226696,1215,0.057962027,712,0.033966225,477,0.022755462,20962
car,27044,0.854957006,680,0.021497218,493,0.015585483,358,0.011317653,31632
