dataset_class,count_0-10,ratio_0-10,count_10-20,ratio_10-20,count_20-30,ratio_20-30,count_30-40,ratio_30-40,total_instances
person,201285,0.71884,21601,0.07714,12108,0.04324,8245,0.02944,28001
car,37504,0.74308,3898,0.07723,1809,0.03584,1288,0.02552,50471
